malcolm brogdon,https://a.espncdn.com/combiner/i?img=/i/headshots/nba/players/full/2566769.png&w=350&h=254
jaylen brown,https://a.espncdn.com/combiner/i?img=/i/headshots/nba/players/full/3917376.png&w=350&h=254
justin champagnie,https://a.espncdn.com/combiner/i?img=/i/headshots/nba/players/full/4432907.png&w=350&h=254
jd davison,https://a.espncdn.com/combiner/i?img=/i/headshots/nba/players/full/4576085.png&w=350&h=254
danilo gallinari,https://a.espncdn.com/combiner/i?img=/i/headshots/nba/players/full/3428.png&w=350&h=254
blake griffin,https://a.espncdn.com/combiner/i?img=/i/headshots/nba/players/full/3989.png&w=350&h=254
sam hauser,https://a.espncdn.com/combiner/i?img=/i/headshots/nba/players/full/4065804.png&w=350&h=254
al horford,https://a.espncdn.com/combiner/i?img=/i/headshots/nba/players/full/3213.png&w=350&h=254
mfiondu kabengele,https://a.espncdn.com/combiner/i?img=/i/headshots/nba/players/full/4065660.png&w=350&h=254
luke kornet,https://a.espncdn.com/combiner/i?img=/i/headshots/nba/players/full/3064560.png&w=350&h=254
mike muscala,https://a.espncdn.com/combiner/i?img=/i/headshots/nba/players/full/2490089.png&w=350&h=254
payton pritchard,https://a.espncdn.com/combiner/i?img=/i/headshots/nba/players/full/4066354.png&w=350&h=254
marcus smart,https://a.espncdn.com/combiner/i?img=/i/headshots/nba/players/full/2990992.png&w=350&h=254
jayson tatum,https://a.espncdn.com/combiner/i?img=/i/headshots/nba/players/full/4065648.png&w=350&h=254
derrick white,https://a.espncdn.com/combiner/i?img=/i/headshots/nba/players/full/3078576.png&w=350&h=254
grant williams,https://a.espncdn.com/combiner/i?img=/i/headshots/nba/players/full/4066218.png&w=350&h=254
robert williams,https://a.espncdn.com/combiner/i?img=/i/headshots/nba/players/full/4066211.png&w=350&h=254
mikal bridges,https://a.espncdn.com/combiner/i?img=/i/headshots/nba/players/full/3147657.png&w=350&h=254
nic claxton,https://a.espncdn.com/combiner/i?img=/i/headshots/nba/players/full/4278067.png&w=350&h=254
seth curry,https://a.espncdn.com/combiner/i?img=/i/headshots/nba/players/full/2326307.png&w=350&h=254
spencer dinwiddie,https://a.espncdn.com/combiner/i?img=/i/headshots/nba/players/full/2580782.png&w=350&h=254
david duke,https://a.espncdn.com/combiner/i?img=/i/headshots/nba/players/full/4397107.png&w=350&h=254
dorian finney,https://a.espncdn.com/combiner/i?img=/i/headshots/nba/players/full/2578185.png&w=350&h=254
raiquan gray,https://a.espncdn.com/combiner/i?img=/i/headshots/nba/players/full/4277850.png&w=350&h=254
joe harris,https://a.espncdn.com/combiner/i?img=/i/headshots/nba/players/full/2528794.png&w=350&h=254
cameron johnson,https://a.espncdn.com/combiner/i?img=/i/headshots/nba/players/full/3138196.png&w=350&h=254
patty mills,https://a.espncdn.com/combiner/i?img=/i/headshots/nba/players/full/4004.png&w=350&h=254
royce oneale,https://a.espncdn.com/combiner/i?img=/i/headshots/nba/players/full/2583632.png&w=350&h=254
dayron sharpe,https://a.espncdn.com/combiner/i?img=/i/headshots/nba/players/full/4432194.png&w=350&h=254
ben simmons,https://a.espncdn.com/combiner/i?img=/i/headshots/nba/players/full/3907387.png&w=350&h=254
dru smith,https://a.espncdn.com/combiner/i?img=/i/headshots/nba/players/full/4066993.png&w=350&h=254
edmond sumner,https://a.espncdn.com/combiner/i?img=/i/headshots/nba/players/full/3136485.png&w=350&h=254
cam thomas,https://a.espncdn.com/combiner/i?img=/i/headshots/nba/players/full/4432174.png&w=350&h=254
yuta watanabe,https://a.espncdn.com/combiner/i?img=/i/headshots/nba/players/full/3133838.png&w=350&h=254
rj barrett,https://a.espncdn.com/combiner/i?img=/i/headshots/nba/players/full/4395625.png&w=350&h=254
jalen brunson,https://a.espncdn.com/combiner/i?img=/i/headshots/nba/players/full/3934672.png&w=350&h=254
evan fournier,https://a.espncdn.com/combiner/i?img=/i/headshots/nba/players/full/6588.png&w=350&h=254
quentin grimes,https://a.espncdn.com/combiner/i?img=/i/headshots/nba/players/full/4397014.png&w=350&h=254
josh hart,https://a.espncdn.com/combiner/i?img=/i/headshots/nba/players/full/3062679.png&w=350&h=254
isaiah hartenstein,https://a.espncdn.com/combiner/i?img=/i/headshots/nba/players/full/4222252.png&w=350&h=254
daquan jeffries,https://a.espncdn.com/combiner/i?img=/i/headshots/nba/players/full/3913220.png&w=350&h=254
trevor keels,https://a.espncdn.com/combiner/i?img=/i/headshots/nba/players/full/4432645.png&w=350&h=254
miles mcbride,https://a.espncdn.com/combiner/i?img=/i/headshots/nba/players/full/4431823.png&w=350&h=254
immanuel quickley,https://a.espncdn.com/combiner/i?img=/i/headshots/nba/players/full/4395724.png&w=350&h=254
julius randle,https://a.espncdn.com/combiner/i?img=/i/headshots/nba/players/full/3064514.png&w=350&h=254
mitchell robinson,https://a.espncdn.com/combiner/i?img=/i/headshots/nba/players/full/4351852.png&w=350&h=254
isaiah roby,https://a.espncdn.com/combiner/i?img=/i/headshots/nba/players/full/4066392.png&w=350&h=254
derrick rose,https://a.espncdn.com/combiner/i?img=/i/headshots/nba/players/full/3456.png&w=350&h=254
jericho sims,https://a.espncdn.com/combiner/i?img=/i/headshots/nba/players/full/4277922.png&w=350&h=254
obi toppin,https://a.espncdn.com/combiner/i?img=/i/headshots/nba/players/full/4278355.png&w=350&h=254
duane washington,https://a.espncdn.com/combiner/i?img=/i/headshots/nba/players/full/4397235.png&w=350&h=254
dewayne dedmon,https://a.espncdn.com/combiner/i?img=/i/headshots/nba/players/full/2580913.png&w=350&h=254
joel embiid,https://a.espncdn.com/combiner/i?img=/i/headshots/nba/players/full/3059318.png&w=350&h=254
james harden,https://a.espncdn.com/combiner/i?img=/i/headshots/nba/players/full/3992.png&w=350&h=254
montrezl harrell,https://a.espncdn.com/combiner/i?img=/i/headshots/nba/players/full/2991055.png&w=350&h=254
tobias harris,https://a.espncdn.com/combiner/i?img=/i/headshots/nba/players/full/6440.png&w=350&h=254
danuel house,https://a.espncdn.com/combiner/i?img=/i/headshots/nba/players/full/2991155.png&w=350&h=254
louis king,https://a.espncdn.com/combiner/i?img=/i/headshots/nba/players/full/4397103.png&w=350&h=254
furkan korkmaz,https://a.espncdn.com/combiner/i?img=/i/headshots/nba/players/full/3929325.png&w=350&h=254
tyrese maxey,https://a.espncdn.com/combiner/i?img=/i/headshots/nba/players/full/4431678.png&w=350&h=254
mac mcclung,https://a.espncdn.com/combiner/i?img=/i/headshots/nba/players/full/4397071.png&w=350&h=254
jalen mcdaniels,https://a.espncdn.com/combiner/i?img=/i/headshots/nba/players/full/4066731.png&w=350&h=254
deanthony melton,https://a.espncdn.com/combiner/i?img=/i/headshots/nba/players/full/4066436.png&w=350&h=254
shake milton,https://a.espncdn.com/combiner/i?img=/i/headshots/nba/players/full/3915195.png&w=350&h=254
georges niang,https://a.espncdn.com/combiner/i?img=/i/headshots/nba/players/full/2990969.png&w=350&h=254
paul reed,https://a.espncdn.com/combiner/i?img=/i/headshots/nba/players/full/4278562.png&w=350&h=254
jaden springer,https://a.espncdn.com/combiner/i?img=/i/headshots/nba/players/full/4432164.png&w=350&h=254
pj tucker,https://a.espncdn.com/combiner/i?img=/i/headshots/nba/players/full/3033.png&w=350&h=254
precious achiuwa,https://a.espncdn.com/combiner/i?img=/i/headshots/nba/players/full/4431679.png&w=350&h=254
og anunoby,https://a.espncdn.com/combiner/i?img=/i/headshots/nba/players/full/3934719.png&w=350&h=254
dalano banton,https://a.espncdn.com/combiner/i?img=/i/headshots/nba/players/full/4397885.png&w=350&h=254
scottie barnes,https://a.espncdn.com/combiner/i?img=/i/headshots/nba/players/full/4433134.png&w=350&h=254
will barton,https://a.espncdn.com/combiner/i?img=/i/headshots/nba/players/full/6579.png&w=350&h=254
chris boucher,https://a.espncdn.com/combiner/i?img=/i/headshots/nba/players/full/3948153.png&w=350&h=254
jeff dowtin,https://a.espncdn.com/combiner/i?img=/i/headshots/nba/players/full/4066786.png&w=350&h=254
malachi flynn,https://a.espncdn.com/combiner/i?img=/i/headshots/nba/players/full/4066668.png&w=350&h=254
ron harper,https://a.espncdn.com/combiner/i?img=/i/headshots/nba/players/full/4397251.png&w=350&h=254
christian koloko,https://a.espncdn.com/combiner/i?img=/i/headshots/nba/players/full/4431778.png&w=350&h=254
jakob poeltl,https://a.espncdn.com/combiner/i?img=/i/headshots/nba/players/full/3134908.png&w=350&h=254
otto porter,https://a.espncdn.com/combiner/i?img=/i/headshots/nba/players/full/2594922.png&w=350&h=254
pascal siakam,https://a.espncdn.com/combiner/i?img=/i/headshots/nba/players/full/3149673.png&w=350&h=254
gary trent,https://a.espncdn.com/combiner/i?img=/i/headshots/nba/players/full/4277843.png&w=350&h=254
fred vanvleet,https://a.espncdn.com/combiner/i?img=/i/headshots/nba/players/full/2991230.png&w=350&h=254
joe wieskamp,https://a.espncdn.com/combiner/i?img=/i/headshots/nba/players/full/4397033.png&w=350&h=254
thaddeus young,https://a.espncdn.com/combiner/i?img=/i/headshots/nba/players/full/3244.png&w=350&h=254
lonzo ball,https://a.espncdn.com/combiner/i?img=/i/headshots/nba/players/full/4066421.png&w=350&h=254
patrick beverley,https://a.espncdn.com/combiner/i?img=/i/headshots/nba/players/full/3964.png&w=350&h=254
alex caruso,https://a.espncdn.com/combiner/i?img=/i/headshots/nba/players/full/2991350.png&w=350&h=254
demar derozan,https://a.espncdn.com/combiner/i?img=/i/headshots/nba/players/full/3978.png&w=350&h=254
ayo dosunmu,https://a.espncdn.com/combiner/i?img=/i/headshots/nba/players/full/4397002.png&w=350&h=254
andre drummond,https://a.espncdn.com/combiner/i?img=/i/headshots/nba/players/full/6585.png&w=350&h=254
javonte green,https://a.espncdn.com/combiner/i?img=/i/headshots/nba/players/full/2596112.png&w=350&h=254
carlik jones,https://a.espncdn.com/combiner/i?img=/i/headshots/nba/players/full/4067735.png&w=350&h=254
derrick jones,https://a.espncdn.com/combiner/i?img=/i/headshots/nba/players/full/3936099.png&w=350&h=254
zach lavine,https://a.espncdn.com/combiner/i?img=/i/headshots/nba/players/full/3064440.png&w=350&h=254
justin lewis,https://a.espncdn.com/combiner/i?img=/i/headshots/nba/players/full/4432239.png&w=350&h=254
marko simonovic,https://a.espncdn.com/combiner/i?img=/i/headshots/nba/players/full/4683622.png&w=350&h=254
terry taylor,https://a.espncdn.com/combiner/i?img=/i/headshots/nba/players/full/4279815.png&w=350&h=254
dalen terry,https://a.espncdn.com/combiner/i?img=/i/headshots/nba/players/full/4433159.png&w=350&h=254
nikola vucevic,https://a.espncdn.com/combiner/i?img=/i/headshots/nba/players/full/6478.png&w=350&h=254
coby white,https://a.espncdn.com/combiner/i?img=/i/headshots/nba/players/full/4395651.png&w=350&h=254
patrick williams,https://a.espncdn.com/combiner/i?img=/i/headshots/nba/players/full/4431687.png&w=350&h=254
jarrett allen,https://a.espncdn.com/combiner/i?img=/i/headshots/nba/players/full/4066328.png&w=350&h=254
mamadi diakite,https://a.espncdn.com/combiner/i?img=/i/headshots/nba/players/full/3947156.png&w=350&h=254
darius garland,https://a.espncdn.com/combiner/i?img=/i/headshots/nba/players/full/4396907.png&w=350&h=254
danny green,https://a.espncdn.com/combiner/i?img=/i/headshots/nba/players/full/3988.png&w=350&h=254
caris levert,https://a.espncdn.com/combiner/i?img=/i/headshots/nba/players/full/2991043.png&w=350&h=254
robin lopez,https://a.espncdn.com/combiner/i?img=/i/headshots/nba/players/full/3447.png&w=350&h=254
sam merrill,https://a.espncdn.com/combiner/i?img=/i/headshots/nba/players/full/4066757.png&w=350&h=254
donovan mitchell,https://a.espncdn.com/combiner/i?img=/i/headshots/nba/players/full/3908809.png&w=350&h=254
evan mobley,https://a.espncdn.com/combiner/i?img=/i/headshots/nba/players/full/4432158.png&w=350&h=254
isaiah mobley,https://a.espncdn.com/combiner/i?img=/i/headshots/nba/players/full/4432815.png&w=350&h=254
raul neto,https://a.espncdn.com/combiner/i?img=/i/headshots/nba/players/full/2968361.png&w=350&h=254
isaac okoro,https://a.espncdn.com/combiner/i?img=/i/headshots/nba/players/full/4432822.png&w=350&h=254
cedi osman,https://a.espncdn.com/combiner/i?img=/i/headshots/nba/players/full/3893016.png&w=350&h=254
ricky rubio,https://a.espncdn.com/combiner/i?img=/i/headshots/nba/players/full/4011.png&w=350&h=254
lamar stevens,https://a.espncdn.com/combiner/i?img=/i/headshots/nba/players/full/4066405.png&w=350&h=254
dean wade,https://a.espncdn.com/combiner/i?img=/i/headshots/nba/players/full/3912848.png&w=350&h=254
dylan windler,https://a.espncdn.com/combiner/i?img=/i/headshots/nba/players/full/3906786.png&w=350&h=254
marvin bagley,https://a.espncdn.com/combiner/i?img=/i/headshots/nba/players/full/4277848.png&w=350&h=254
buddy boeheim,https://a.espncdn.com/combiner/i?img=/i/headshots/nba/players/full/4395676.png&w=350&h=254
bojan bogdanovic,https://a.espncdn.com/combiner/i?img=/i/headshots/nba/players/full/3593.png&w=350&h=254
alec burks,https://a.espncdn.com/combiner/i?img=/i/headshots/nba/players/full/6429.png&w=350&h=254
cade cunningham,https://a.espncdn.com/combiner/i?img=/i/headshots/nba/players/full/4432166.png&w=350&h=254
hamidou diallo,https://a.espncdn.com/combiner/i?img=/i/headshots/nba/players/full/4080610.png&w=350&h=254
jalen duren,https://a.espncdn.com/combiner/i?img=/i/headshots/nba/players/full/4433621.png&w=350&h=254
rj hampton,https://a.espncdn.com/combiner/i?img=/i/headshots/nba/players/full/4590530.png&w=350&h=254
killian hayes,https://a.espncdn.com/combiner/i?img=/i/headshots/nba/players/full/4683024.png&w=350&h=254
jaden ivey,https://a.espncdn.com/combiner/i?img=/i/headshots/nba/players/full/4433218.png&w=350&h=254
cory joseph,https://a.espncdn.com/combiner/i?img=/i/headshots/nba/players/full/6446.png&w=350&h=254
isaiah livers,https://a.espncdn.com/combiner/i?img=/i/headshots/nba/players/full/4277957.png&w=350&h=254
rodney mcgruder,https://a.espncdn.com/combiner/i?img=/i/headshots/nba/players/full/2488826.png&w=350&h=254
eugene omoruyi,https://a.espncdn.com/combiner/i?img=/i/headshots/nba/players/full/4066410.png&w=350&h=254
jared rhoden,https://a.espncdn.com/combiner/i?img=/i/headshots/nba/players/full/4397119.png&w=350&h=254
isaiah stewart,https://a.espncdn.com/combiner/i?img=/i/headshots/nba/players/full/4432810.png&w=350&h=254
james wiseman,https://a.espncdn.com/combiner/i?img=/i/headshots/nba/players/full/4432808.png&w=350&h=254
oshae brissett,https://a.espncdn.com/combiner/i?img=/i/headshots/nba/players/full/4278031.png&w=350&h=254
kendall brown,https://a.espncdn.com/combiner/i?img=/i/headshots/nba/players/full/4433254.png&w=350&h=254
chris duarte,https://a.espncdn.com/combiner/i?img=/i/headshots/nba/players/full/4592402.png&w=350&h=254
tyrese haliburton,https://a.espncdn.com/combiner/i?img=/i/headshots/nba/players/full/4396993.png&w=350&h=254
buddy hield,https://a.espncdn.com/combiner/i?img=/i/headshots/nba/players/full/2990984.png&w=350&h=254
george hill,https://a.espncdn.com/combiner/i?img=/i/headshots/nba/players/full/3438.png&w=350&h=254
serge ibaka,https://a.espncdn.com/combiner/i?img=/i/headshots/nba/players/full/3439.png&w=350&h=254
isaiah jackson,https://a.espncdn.com/combiner/i?img=/i/headshots/nba/players/full/4432170.png&w=350&h=254
james johnson,https://a.espncdn.com/combiner/i?img=/i/headshots/nba/players/full/3999.png&w=350&h=254
bennedict mathurin,https://a.espncdn.com/combiner/i?img=/i/headshots/nba/players/full/4683634.png&w=350&h=254
tj mcconnell,https://a.espncdn.com/combiner/i?img=/i/headshots/nba/players/full/2530530.png&w=350&h=254
andrew nembhard,https://a.espncdn.com/combiner/i?img=/i/headshots/nba/players/full/4395712.png&w=350&h=254
aaron nesmith,https://a.espncdn.com/combiner/i?img=/i/headshots/nba/players/full/4396909.png&w=350&h=254
jordan nwora,https://a.espncdn.com/combiner/i?img=/i/headshots/nba/players/full/4277883.png&w=350&h=254
jalen smith,https://a.espncdn.com/combiner/i?img=/i/headshots/nba/players/full/4397189.png&w=350&h=254
daniel theis,https://a.espncdn.com/combiner/i?img=/i/headshots/nba/players/full/2451037.png&w=350&h=254
myles turner,https://a.espncdn.com/combiner/i?img=/i/headshots/nba/players/full/3133628.png&w=350&h=254
gabe york,https://a.espncdn.com/combiner/i?img=/i/headshots/nba/players/full/2991011.png&w=350&h=254
grayson allen,https://a.espncdn.com/combiner/i?img=/i/headshots/nba/players/full/3135045.png&w=350&h=254
giannis antetokounmpo,https://a.espncdn.com/combiner/i?img=/i/headshots/nba/players/full/3032977.png&w=350&h=254
thanasis antetokounmpo,https://a.espncdn.com/combiner/i?img=/i/headshots/nba/players/full/3102533.png&w=350&h=254
marjon beauchamp,https://a.espncdn.com/combiner/i?img=/i/headshots/nba/players/full/4432179.png&w=350&h=254
jevon carter,https://a.espncdn.com/combiner/i?img=/i/headshots/nba/players/full/3133635.png&w=350&h=254
pat connaughton,https://a.espncdn.com/combiner/i?img=/i/headshots/nba/players/full/2578239.png&w=350&h=254
jae crowder,https://a.espncdn.com/combiner/i?img=/i/headshots/nba/players/full/6581.png&w=350&h=254
goran dragic,https://a.espncdn.com/combiner/i?img=/i/headshots/nba/players/full/3423.png&w=350&h=254
aj green,https://a.espncdn.com/combiner/i?img=/i/headshots/nba/players/full/4397475.png&w=350&h=254
jrue holiday,https://a.espncdn.com/combiner/i?img=/i/headshots/nba/players/full/3995.png&w=350&h=254
joe ingles,https://a.espncdn.com/combiner/i?img=/i/headshots/nba/players/full/2968436.png&w=350&h=254
meyers leonard,https://a.espncdn.com/combiner/i?img=/i/headshots/nba/players/full/6605.png&w=350&h=254
brook lopez,https://a.espncdn.com/combiner/i?img=/i/headshots/nba/players/full/3448.png&w=350&h=254
wesley matthews,https://a.espncdn.com/combiner/i?img=/i/headshots/nba/players/full/4032.png&w=350&h=254
khris middleton,https://a.espncdn.com/combiner/i?img=/i/headshots/nba/players/full/6609.png&w=350&h=254
bobby portis,https://a.espncdn.com/combiner/i?img=/i/headshots/nba/players/full/3064482.png&w=350&h=254
lindell wigginton,https://a.espncdn.com/combiner/i?img=/i/headshots/nba/players/full/4277887.png&w=350&h=254
saddiq bey,https://a.espncdn.com/combiner/i?img=/i/headshots/nba/players/full/4397136.png&w=350&h=254
bogdan bogdanovic,https://a.espncdn.com/combiner/i?img=/i/headshots/nba/players/full/3037789.png&w=350&h=254
clint capela,https://a.espncdn.com/combiner/i?img=/i/headshots/nba/players/full/3102529.png&w=350&h=254
john collins,https://a.espncdn.com/combiner/i?img=/i/headshots/nba/players/full/3908845.png&w=350&h=254
bruno fernando,https://a.espncdn.com/combiner/i?img=/i/headshots/nba/players/full/4277952.png&w=350&h=254
trent forrest,https://a.espncdn.com/combiner/i?img=/i/headshots/nba/players/full/4065656.png&w=350&h=254
aj griffin,https://a.espncdn.com/combiner/i?img=/i/headshots/nba/players/full/4432585.png&w=350&h=254
aaron holiday,https://a.espncdn.com/combiner/i?img=/i/headshots/nba/players/full/3922230.png&w=350&h=254
deandre hunter,https://a.espncdn.com/combiner/i?img=/i/headshots/nba/players/full/4065732.png&w=350&h=254
jalen johnson,https://a.espncdn.com/combiner/i?img=/i/headshots/nba/players/full/4701230.png&w=350&h=254
vit krejci,https://a.espncdn.com/combiner/i?img=/i/headshots/nba/players/full/4578893.png&w=350&h=254
tyrese martin,https://a.espncdn.com/combiner/i?img=/i/headshots/nba/players/full/4397179.png&w=350&h=254
garrison mathews,https://a.espncdn.com/combiner/i?img=/i/headshots/nba/players/full/3913180.png&w=350&h=254
dejounte murray,https://a.espncdn.com/combiner/i?img=/i/headshots/nba/players/full/3907497.png&w=350&h=254
onyeka okongwu,https://a.espncdn.com/combiner/i?img=/i/headshots/nba/players/full/4431680.png&w=350&h=254
donovan williams,https://a.espncdn.com/combiner/i?img=/i/headshots/nba/players/full/4592304.png&w=350&h=254
trae young,https://a.espncdn.com/combiner/i?img=/i/headshots/nba/players/full/4277905.png&w=350&h=254
lamelo ball,https://a.espncdn.com/combiner/i?img=/i/headshots/nba/players/full/4432816.png&w=350&h=254
james bouknight,https://a.espncdn.com/combiner/i?img=/i/headshots/nba/players/full/4431712.png&w=350&h=254
gordon hayward,https://a.espncdn.com/combiner/i?img=/i/headshots/nba/players/full/4249.png&w=350&h=254
kai jones,https://a.espncdn.com/combiner/i?img=/i/headshots/nba/players/full/4431699.png&w=350&h=254
theo maledon,https://a.espncdn.com/combiner/i?img=/i/headshots/nba/players/full/4683027.png&w=350&h=254
cody martin,https://a.espncdn.com/combiner/i?img=/i/headshots/nba/players/full/3138161.png&w=350&h=254
bryce mcgowens,https://a.espncdn.com/combiner/i?img=/i/headshots/nba/players/full/4576086.png&w=350&h=254
svi mykhailiuk,https://a.espncdn.com/combiner/i?img=/i/headshots/nba/players/full/3133602.png&w=350&h=254
kelly oubre,https://a.espncdn.com/combiner/i?img=/i/headshots/nba/players/full/3133603.png&w=350&h=254
nick richards,https://a.espncdn.com/combiner/i?img=/i/headshots/nba/players/full/4278076.png&w=350&h=254
terry rozier,https://a.espncdn.com/combiner/i?img=/i/headshots/nba/players/full/3074752.png&w=350&h=254
kobi simmons,https://a.espncdn.com/combiner/i?img=/i/headshots/nba/players/full/4066335.png&w=350&h=254
dennis smith,https://a.espncdn.com/combiner/i?img=/i/headshots/nba/players/full/4065697.png&w=350&h=254
xavier sneed,https://a.espncdn.com/combiner/i?img=/i/headshots/nba/players/full/4066303.png&w=350&h=254
jt thor,https://a.espncdn.com/combiner/i?img=/i/headshots/nba/players/full/4702233.png&w=350&h=254
pj washington,https://a.espncdn.com/combiner/i?img=/i/headshots/nba/players/full/4278078.png&w=350&h=254
mark williams,https://a.espncdn.com/combiner/i?img=/i/headshots/nba/players/full/4701232.png&w=350&h=254
bam adebayo,https://a.espncdn.com/combiner/i?img=/i/headshots/nba/players/full/4066261.png&w=350&h=254
jimmy butler,https://a.espncdn.com/combiner/i?img=/i/headshots/nba/players/full/6430.png&w=350&h=254
jamal cain,https://a.espncdn.com/combiner/i?img=/i/headshots/nba/players/full/4278572.png&w=350&h=254
udonis haslem,https://a.espncdn.com/combiner/i?img=/i/headshots/nba/players/full/2184.png&w=350&h=254
tyler herro,https://a.espncdn.com/combiner/i?img=/i/headshots/nba/players/full/4395725.png&w=350&h=254
haywood highsmith,https://a.espncdn.com/combiner/i?img=/i/headshots/nba/players/full/4291678.png&w=350&h=254
nikola jovic,https://a.espncdn.com/combiner/i?img=/i/headshots/nba/players/full/4997528.png&w=350&h=254
kevin love,https://a.espncdn.com/combiner/i?img=/i/headshots/nba/players/full/3449.png&w=350&h=254
kyle lowry,https://a.espncdn.com/combiner/i?img=/i/headshots/nba/players/full/3012.png&w=350&h=254
caleb martin,https://a.espncdn.com/combiner/i?img=/i/headshots/nba/players/full/3138160.png&w=350&h=254
victor oladipo,https://a.espncdn.com/combiner/i?img=/i/headshots/nba/players/full/2527963.png&w=350&h=254
duncan robinson,https://a.espncdn.com/combiner/i?img=/i/headshots/nba/players/full/3157465.png&w=350&h=254
orlando robinson,https://a.espncdn.com/combiner/i?img=/i/headshots/nba/players/full/4593049.png&w=350&h=254
max strus,https://a.espncdn.com/combiner/i?img=/i/headshots/nba/players/full/4065778.png&w=350&h=254
gabe vincent,https://a.espncdn.com/combiner/i?img=/i/headshots/nba/players/full/3137259.png&w=350&h=254
omer yurtseven,https://a.espncdn.com/combiner/i?img=/i/headshots/nba/players/full/3074213.png&w=350&h=254
cody zeller,https://a.espncdn.com/combiner/i?img=/i/headshots/nba/players/full/2579258.png&w=350&h=254
cole anthony,https://a.espncdn.com/combiner/i?img=/i/headshots/nba/players/full/4432809.png&w=350&h=254
paolo banchero,https://a.espncdn.com/combiner/i?img=/i/headshots/nba/players/full/4432573.png&w=350&h=254
goga bitadze,https://a.espncdn.com/combiner/i?img=/i/headshots/nba/players/full/4348700.png&w=350&h=254
bol bol,https://a.espncdn.com/combiner/i?img=/i/headshots/nba/players/full/4397102.png&w=350&h=254
wendell carter,https://a.espncdn.com/combiner/i?img=/i/headshots/nba/players/full/4277847.png&w=350&h=254
michael carter,https://a.espncdn.com/combiner/i?img=/i/headshots/nba/players/full/2596108.png&w=350&h=254
markelle fultz,https://a.espncdn.com/combiner/i?img=/i/headshots/nba/players/full/4066636.png&w=350&h=254
gary harris,https://a.espncdn.com/combiner/i?img=/i/headshots/nba/players/full/2999547.png&w=350&h=254
kevon harris,https://a.espncdn.com/combiner/i?img=/i/headshots/nba/players/full/4067858.png&w=350&h=254
caleb houstan,https://a.espncdn.com/combiner/i?img=/i/headshots/nba/players/full/4433623.png&w=350&h=254
jonathan isaac,https://a.espncdn.com/combiner/i?img=/i/headshots/nba/players/full/4065654.png&w=350&h=254
chuma okeke,https://a.espncdn.com/combiner/i?img=/i/headshots/nba/players/full/4278052.png&w=350&h=254
admiral schofield,https://a.espncdn.com/combiner/i?img=/i/headshots/nba/players/full/3918423.png&w=350&h=254
jay scrubb,https://a.espncdn.com/combiner/i?img=/i/headshots/nba/players/full/4683023.png&w=350&h=254
jalen suggs,https://a.espncdn.com/combiner/i?img=/i/headshots/nba/players/full/4432165.png&w=350&h=254
franz wagner,https://a.espncdn.com/combiner/i?img=/i/headshots/nba/players/full/4566434.png&w=350&h=254
moritz wagner,https://a.espncdn.com/combiner/i?img=/i/headshots/nba/players/full/3150844.png&w=350&h=254
deni avdija,https://a.espncdn.com/combiner/i?img=/i/headshots/nba/players/full/4683021.png&w=350&h=254
bradley beal,https://a.espncdn.com/combiner/i?img=/i/headshots/nba/players/full/6580.png&w=350&h=254
xavier cooks,https://a.espncdn.com/combiner/i?img=/i/headshots/nba/players/full/3129932.png&w=350&h=254
johnny davis,https://a.espncdn.com/combiner/i?img=/i/headshots/nba/players/full/4432356.png&w=350&h=254
daniel gafford,https://a.espncdn.com/combiner/i?img=/i/headshots/nba/players/full/4278049.png&w=350&h=254
taj gibson,https://a.espncdn.com/combiner/i?img=/i/headshots/nba/players/full/3986.png&w=350&h=254
anthony gill,https://a.espncdn.com/combiner/i?img=/i/headshots/nba/players/full/2581184.png&w=350&h=254
jordan goodwin,https://a.espncdn.com/combiner/i?img=/i/headshots/nba/players/full/4278402.png&w=350&h=254
jay huff,https://a.espncdn.com/combiner/i?img=/i/headshots/nba/players/full/4065731.png&w=350&h=254
quenton jackson,https://a.espncdn.com/combiner/i?img=/i/headshots/nba/players/full/4592829.png&w=350&h=254
corey kispert,https://a.espncdn.com/combiner/i?img=/i/headshots/nba/players/full/4280151.png&w=350&h=254
kyle kuzma,https://a.espncdn.com/combiner/i?img=/i/headshots/nba/players/full/3134907.png&w=350&h=254
monte morris,https://a.espncdn.com/combiner/i?img=/i/headshots/nba/players/full/3059310.png&w=350&h=254
kendrick nunn,https://a.espncdn.com/combiner/i?img=/i/headshots/nba/players/full/3056247.png&w=350&h=254
kristaps porzingis,https://a.espncdn.com/combiner/i?img=/i/headshots/nba/players/full/3102531.png&w=350&h=254
isaiah todd,https://a.espncdn.com/combiner/i?img=/i/headshots/nba/players/full/4715198.png&w=350&h=254
delon wright,https://a.espncdn.com/combiner/i?img=/i/headshots/nba/players/full/3064447.png&w=350&h=254
christian braun,https://a.espncdn.com/combiner/i?img=/i/headshots/nba/players/full/4431767.png&w=350&h=254
bruce brown,https://a.espncdn.com/combiner/i?img=/i/headshots/nba/players/full/4065670.png&w=350&h=254
thomas bryant,https://a.espncdn.com/combiner/i?img=/i/headshots/nba/players/full/3934723.png&w=350&h=254
kentavious caldwell,https://a.espncdn.com/combiner/i?img=/i/headshots/nba/players/full/2581018.png&w=350&h=254
vlatko cancar,https://a.espncdn.com/combiner/i?img=/i/headshots/nba/players/full/4230557.png&w=350&h=254
collin gillespie,https://a.espncdn.com/combiner/i?img=/i/headshots/nba/players/full/4278585.png&w=350&h=254
aaron gordon,https://a.espncdn.com/combiner/i?img=/i/headshots/nba/players/full/3064290.png&w=350&h=254
jeff green,https://a.espncdn.com/combiner/i?img=/i/headshots/nba/players/full/3209.png&w=350&h=254
reggie jackson,https://a.espncdn.com/combiner/i?img=/i/headshots/nba/players/full/6443.png&w=350&h=254
nikola jokic,https://a.espncdn.com/combiner/i?img=/i/headshots/nba/players/full/3112335.png&w=350&h=254
deandre jordan,https://a.espncdn.com/combiner/i?img=/i/headshots/nba/players/full/3442.png&w=350&h=254
jamal murray,https://a.espncdn.com/combiner/i?img=/i/headshots/nba/players/full/3936299.png&w=350&h=254
zeke nnaji,https://a.espncdn.com/combiner/i?img=/i/headshots/nba/players/full/4431690.png&w=350&h=254
michael porter,https://a.espncdn.com/combiner/i?img=/i/headshots/nba/players/full/4278104.png&w=350&h=254
ish smith,https://a.espncdn.com/combiner/i?img=/i/headshots/nba/players/full/4305.png&w=350&h=254
peyton watson,https://a.espncdn.com/combiner/i?img=/i/headshots/nba/players/full/4576087.png&w=350&h=254
jack white,https://a.espncdn.com/combiner/i?img=/i/headshots/nba/players/full/4065653.png&w=350&h=254
nickeil alexander,https://a.espncdn.com/combiner/i?img=/i/headshots/nba/players/full/4278039.png&w=350&h=254
kyle anderson,https://a.espncdn.com/combiner/i?img=/i/headshots/nba/players/full/2993874.png&w=350&h=254
mike conley,https://a.espncdn.com/combiner/i?img=/i/headshots/nba/players/full/3195.png&w=350&h=254
anthony edwards,https://a.espncdn.com/combiner/i?img=/i/headshots/nba/players/full/4594268.png&w=350&h=254
luka garza,https://a.espncdn.com/combiner/i?img=/i/headshots/nba/players/full/4277951.png&w=350&h=254
rudy gobert,https://a.espncdn.com/combiner/i?img=/i/headshots/nba/players/full/3032976.png&w=350&h=254
nathan knight,https://a.espncdn.com/combiner/i?img=/i/headshots/nba/players/full/4067325.png&w=350&h=254
jaden mcdaniels,https://a.espncdn.com/combiner/i?img=/i/headshots/nba/players/full/4431671.png&w=350&h=254
jordan mclaughlin,https://a.espncdn.com/combiner/i?img=/i/headshots/nba/players/full/3134916.png&w=350&h=254
josh minott,https://a.espncdn.com/combiner/i?img=/i/headshots/nba/players/full/4687718.png&w=350&h=254
wendell moore,https://a.espncdn.com/combiner/i?img=/i/headshots/nba/players/full/4592187.png&w=350&h=254
jaylen nowell,https://a.espncdn.com/combiner/i?img=/i/headshots/nba/players/full/4278541.png&w=350&h=254
taurean prince,https://a.espncdn.com/combiner/i?img=/i/headshots/nba/players/full/2990962.png&w=350&h=254
naz reid,https://a.espncdn.com/combiner/i?img=/i/headshots/nba/players/full/4396971.png&w=350&h=254
austin rivers,https://a.espncdn.com/combiner/i?img=/i/headshots/nba/players/full/6617.png&w=350&h=254
matt ryan,https://a.espncdn.com/combiner/i?img=/i/headshots/nba/players/full/3908336.png&w=350&h=254
karl anthony,https://a.espncdn.com/combiner/i?img=/i/headshots/nba/players/full/3136195.png&w=350&h=254
jared butler,https://a.espncdn.com/combiner/i?img=/i/headshots/nba/players/full/4395695.png&w=350&h=254
ousmane dieng,https://a.espncdn.com/combiner/i?img=/i/headshots/nba/players/full/4997526.png&w=350&h=254
luguentz dort,https://a.espncdn.com/combiner/i?img=/i/headshots/nba/players/full/4397020.png&w=350&h=254
josh giddey,https://a.espncdn.com/combiner/i?img=/i/headshots/nba/players/full/4871145.png&w=350&h=254
shai gilgeous,https://a.espncdn.com/combiner/i?img=/i/headshots/nba/players/full/4278073.png&w=350&h=254
chet holmgren,https://a.espncdn.com/combiner/i?img=/i/headshots/nba/players/full/4433255.png&w=350&h=254
isaiah joe,https://a.espncdn.com/combiner/i?img=/i/headshots/nba/players/full/4395702.png&w=350&h=254
tre mann,https://a.espncdn.com/combiner/i?img=/i/headshots/nba/players/full/4432819.png&w=350&h=254
aleksej pokusevski,https://a.espncdn.com/combiner/i?img=/i/headshots/nba/players/full/4683018.png&w=350&h=254
jeremiah robinson,https://a.espncdn.com/combiner/i?img=/i/headshots/nba/players/full/4432813.png&w=350&h=254
dario saric,https://a.espncdn.com/combiner/i?img=/i/headshots/nba/players/full/3032978.png&w=350&h=254
olivier sarr,https://a.espncdn.com/combiner/i?img=/i/headshots/nba/players/full/4278046.png&w=350&h=254
lindy waters,https://a.espncdn.com/combiner/i?img=/i/headshots/nba/players/full/4066317.png&w=350&h=254
aaron wiggins,https://a.espncdn.com/combiner/i?img=/i/headshots/nba/players/full/4397183.png&w=350&h=254
jalen williams,https://a.espncdn.com/combiner/i?img=/i/headshots/nba/players/full/4593803.png&w=350&h=254
jaylin williams,https://a.espncdn.com/combiner/i?img=/i/headshots/nba/players/full/4432823.png&w=350&h=254
kenrich williams,https://a.espncdn.com/combiner/i?img=/i/headshots/nba/players/full/3133626.png&w=350&h=254
ibou badji,https://a.espncdn.com/combiner/i?img=/i/headshots/nba/players/full/4871140.png&w=350&h=254
john butler,https://a.espncdn.com/combiner/i?img=/i/headshots/nba/players/full/4432588.png&w=350&h=254
chance comanche,https://a.espncdn.com/combiner/i?img=/i/headshots/nba/players/full/3907526.png&w=350&h=254
drew eubanks,https://a.espncdn.com/combiner/i?img=/i/headshots/nba/players/full/3914285.png&w=350&h=254
jerami grant,https://a.espncdn.com/combiner/i?img=/i/headshots/nba/players/full/2991070.png&w=350&h=254
keon johnson,https://a.espncdn.com/combiner/i?img=/i/headshots/nba/players/full/4432192.png&w=350&h=254
kevin knox,https://a.espncdn.com/combiner/i?img=/i/headshots/nba/players/full/4278075.png&w=350&h=254
damian lillard,https://a.espncdn.com/combiner/i?img=/i/headshots/nba/players/full/6606.png&w=350&h=254
nassir little,https://a.espncdn.com/combiner/i?img=/i/headshots/nba/players/full/4395652.png&w=350&h=254
skylar mays,https://a.espncdn.com/combiner/i?img=/i/headshots/nba/players/full/4066269.png&w=350&h=254
justin minaya,https://a.espncdn.com/combiner/i?img=/i/headshots/nba/players/full/4278111.png&w=350&h=254
jusuf nurkic,https://a.espncdn.com/combiner/i?img=/i/headshots/nba/players/full/3102530.png&w=350&h=254
cam reddish,https://a.espncdn.com/combiner/i?img=/i/headshots/nba/players/full/4395627.png&w=350&h=254
shaedon sharpe,https://a.espncdn.com/combiner/i?img=/i/headshots/nba/players/full/4914336.png&w=350&h=254
anfernee simons,https://a.espncdn.com/combiner/i?img=/i/headshots/nba/players/full/4351851.png&w=350&h=254
matisse thybulle,https://a.espncdn.com/combiner/i?img=/i/headshots/nba/players/full/3907498.png&w=350&h=254
jabari walker,https://a.espncdn.com/combiner/i?img=/i/headshots/nba/players/full/4432446.png&w=350&h=254
trendon watford,https://a.espncdn.com/combiner/i?img=/i/headshots/nba/players/full/4431675.png&w=350&h=254
jeenathan williams,https://a.espncdn.com/combiner/i?img=/i/headshots/nba/players/full/4397821.png&w=350&h=254
justise winslow,https://a.espncdn.com/combiner/i?img=/i/headshots/nba/players/full/3135047.png&w=350&h=254
ochai agbaji,https://a.espncdn.com/combiner/i?img=/i/headshots/nba/players/full/4397018.png&w=350&h=254
udoka azubuike,https://a.espncdn.com/combiner/i?img=/i/headshots/nba/players/full/4066299.png&w=350&h=254
jarrell brantley,https://a.espncdn.com/combiner/i?img=/i/headshots/nba/players/full/3912292.png&w=350&h=254
jordan clarkson,https://a.espncdn.com/combiner/i?img=/i/headshots/nba/players/full/2528426.png&w=350&h=254
kris dunn,https://a.espncdn.com/combiner/i?img=/i/headshots/nba/players/full/2991139.png&w=350&h=254
simone fontecchio,https://a.espncdn.com/combiner/i?img=/i/headshots/nba/players/full/3899664.png&w=350&h=254
rudy gay,https://a.espncdn.com/combiner/i?img=/i/headshots/nba/players/full/3005.png&w=350&h=254
talen horton,https://a.espncdn.com/combiner/i?img=/i/headshots/nba/players/full/4396991.png&w=350&h=254
damian jones,https://a.espncdn.com/combiner/i?img=/i/headshots/nba/players/full/3064559.png&w=350&h=254
johnny juzang,https://a.espncdn.com/combiner/i?img=/i/headshots/nba/players/full/4432817.png&w=350&h=254
walker kessler,https://a.espncdn.com/combiner/i?img=/i/headshots/nba/players/full/4433136.png&w=350&h=254
lauri markkanen,https://a.espncdn.com/combiner/i?img=/i/headshots/nba/players/full/4066336.png&w=350&h=254
kelly olynyk,https://a.espncdn.com/combiner/i?img=/i/headshots/nba/players/full/2489663.png&w=350&h=254
micah potter,https://a.espncdn.com/combiner/i?img=/i/headshots/nba/players/full/4066399.png&w=350&h=254
luka samanic,https://a.espncdn.com/combiner/i?img=/i/headshots/nba/players/full/4423309.png&w=350&h=254
collin sexton,https://a.espncdn.com/combiner/i?img=/i/headshots/nba/players/full/4277811.png&w=350&h=254
juan toscano,https://a.espncdn.com/combiner/i?img=/i/headshots/nba/players/full/4401416.png&w=350&h=254
patrick baldwin,https://a.espncdn.com/combiner/i?img=/i/headshots/nba/players/full/4433246.png&w=350&h=254
stephen curry,https://a.espncdn.com/combiner/i?img=/i/headshots/nba/players/full/3975.png&w=350&h=254
donte divincenzo,https://a.espncdn.com/combiner/i?img=/i/headshots/nba/players/full/3934673.png&w=350&h=254
draymond green,https://a.espncdn.com/combiner/i?img=/i/headshots/nba/players/full/6589.png&w=350&h=254
jamychal green,https://a.espncdn.com/combiner/i?img=/i/headshots/nba/players/full/2327577.png&w=350&h=254
andre iguodala,https://a.espncdn.com/combiner/i?img=/i/headshots/nba/players/full/2386.png&w=350&h=254
ty jerome,https://a.espncdn.com/combiner/i?img=/i/headshots/nba/players/full/4065733.png&w=350&h=254
jonathan kuminga,https://a.espncdn.com/combiner/i?img=/i/headshots/nba/players/full/4433247.png&w=350&h=254
anthony lamb,https://a.espncdn.com/combiner/i?img=/i/headshots/nba/players/full/4066790.png&w=350&h=254
kevon looney,https://a.espncdn.com/combiner/i?img=/i/headshots/nba/players/full/3155535.png&w=350&h=254
moses moody,https://a.espncdn.com/combiner/i?img=/i/headshots/nba/players/full/4432171.png&w=350&h=254
gary payton,https://a.espncdn.com/combiner/i?img=/i/headshots/nba/players/full/3134903.png&w=350&h=254
jordan poole,https://a.espncdn.com/combiner/i?img=/i/headshots/nba/players/full/4277956.png&w=350&h=254
lester quinones,https://a.espncdn.com/combiner/i?img=/i/headshots/nba/players/full/4431720.png&w=350&h=254
ryan rollins,https://a.espncdn.com/combiner/i?img=/i/headshots/nba/players/full/4591725.png&w=350&h=254
klay thompson,https://a.espncdn.com/combiner/i?img=/i/headshots/nba/players/full/6475.png&w=350&h=254
andrew wiggins,https://a.espncdn.com/combiner/i?img=/i/headshots/nba/players/full/3059319.png&w=350&h=254
nicolas batum,https://a.espncdn.com/combiner/i?img=/i/headshots/nba/players/full/3416.png&w=350&h=254
brandon boston,https://a.espncdn.com/combiner/i?img=/i/headshots/nba/players/full/4432162.png&w=350&h=254
amir coffey,https://a.espncdn.com/combiner/i?img=/i/headshots/nba/players/full/4066387.png&w=350&h=254
robert covington,https://a.espncdn.com/combiner/i?img=/i/headshots/nba/players/full/2490620.png&w=350&h=254
moussa diabate,https://a.espncdn.com/combiner/i?img=/i/headshots/nba/players/full/4433249.png&w=350&h=254
paul george,https://a.espncdn.com/combiner/i?img=/i/headshots/nba/players/full/4251.png&w=350&h=254
eric gordon,https://a.espncdn.com/combiner/i?img=/i/headshots/nba/players/full/3431.png&w=350&h=254
bones hyland,https://a.espncdn.com/combiner/i?img=/i/headshots/nba/players/full/4592492.png&w=350&h=254
kawhi leonard,https://a.espncdn.com/combiner/i?img=/i/headshots/nba/players/full/6450.png&w=350&h=254
terance mann,https://a.espncdn.com/combiner/i?img=/i/headshots/nba/players/full/3907823.png&w=350&h=254
xavier moon,https://a.espncdn.com/combiner/i?img=/i/headshots/nba/players/full/3914075.png&w=350&h=254
marcus morris,https://a.espncdn.com/combiner/i?img=/i/headshots/nba/players/full/6462.png&w=350&h=254
mason plumlee,https://a.espncdn.com/combiner/i?img=/i/headshots/nba/players/full/2488653.png&w=350&h=254
norman powell,https://a.espncdn.com/combiner/i?img=/i/headshots/nba/players/full/2595516.png&w=350&h=254
jason preston,https://a.espncdn.com/combiner/i?img=/i/headshots/nba/players/full/4397916.png&w=350&h=254
russell westbrook,https://a.espncdn.com/combiner/i?img=/i/headshots/nba/players/full/3468.png&w=350&h=254
ivica zubac,https://a.espncdn.com/combiner/i?img=/i/headshots/nba/players/full/4017837.png&w=350&h=254
mo bamba,https://a.espncdn.com/combiner/i?img=/i/headshots/nba/players/full/4277919.png&w=350&h=254
malik beasley,https://a.espncdn.com/combiner/i?img=/i/headshots/nba/players/full/3907822.png&w=350&h=254
troy brown,https://a.espncdn.com/combiner/i?img=/i/headshots/nba/players/full/4278508.png&w=350&h=254
max christie,https://a.espncdn.com/combiner/i?img=/i/headshots/nba/players/full/4432582.png&w=350&h=254
anthony davis,https://a.espncdn.com/combiner/i?img=/i/headshots/nba/players/full/6583.png&w=350&h=254
wenyen gabriel,https://a.espncdn.com/combiner/i?img=/i/headshots/nba/players/full/4066264.png&w=350&h=254
rui hachimura,https://a.espncdn.com/combiner/i?img=/i/headshots/nba/players/full/4066648.png&w=350&h=254
shaquille harrison,https://a.espncdn.com/combiner/i?img=/i/headshots/nba/players/full/2991274.png&w=350&h=254
lebron james,https://a.espncdn.com/combiner/i?img=/i/headshots/nba/players/full/1966.png&w=350&h=254
scotty pippen,https://a.espncdn.com/combiner/i?img=/i/headshots/nba/players/full/4431785.png&w=350&h=254
austin reaves,https://a.espncdn.com/combiner/i?img=/i/headshots/nba/players/full/4066457.png&w=350&h=254
dangelo russell,https://a.espncdn.com/combiner/i?img=/i/headshots/nba/players/full/3136776.png&w=350&h=254
dennis schroder,https://a.espncdn.com/combiner/i?img=/i/headshots/nba/players/full/3032979.png&w=350&h=254
cole swider,https://a.espncdn.com/combiner/i?img=/i/headshots/nba/players/full/4397134.png&w=350&h=254
tristan thompson,https://a.espncdn.com/combiner/i?img=/i/headshots/nba/players/full/6474.png&w=350&h=254
jarred vanderbilt,https://a.espncdn.com/combiner/i?img=/i/headshots/nba/players/full/4278077.png&w=350&h=254
lonnie walker,https://a.espncdn.com/combiner/i?img=/i/headshots/nba/players/full/4277890.png&w=350&h=254
deandre ayton,https://a.espncdn.com/combiner/i?img=/i/headshots/nba/players/full/4278129.png&w=350&h=254
darius bazley,https://a.espncdn.com/combiner/i?img=/i/headshots/nba/players/full/4423545.png&w=350&h=254
bismack biyombo,https://a.espncdn.com/combiner/i?img=/i/headshots/nba/players/full/6427.png&w=350&h=254
devin booker,https://a.espncdn.com/combiner/i?img=/i/headshots/nba/players/full/3136193.png&w=350&h=254
torrey craig,https://a.espncdn.com/combiner/i?img=/i/headshots/nba/players/full/2528693.png&w=350&h=254
kevin durant,https://a.espncdn.com/combiner/i?img=/i/headshots/nba/players/full/3202.png&w=350&h=254
jock landale,https://a.espncdn.com/combiner/i?img=/i/headshots/nba/players/full/3146557.png&w=350&h=254
damion lee,https://a.espncdn.com/combiner/i?img=/i/headshots/nba/players/full/2595209.png&w=350&h=254
saben lee,https://a.espncdn.com/combiner/i?img=/i/headshots/nba/players/full/4278124.png&w=350&h=254
josh okogie,https://a.espncdn.com/combiner/i?img=/i/headshots/nba/players/full/4065663.png&w=350&h=254
chris paul,https://a.espncdn.com/combiner/i?img=/i/headshots/nba/players/full/2779.png&w=350&h=254
cameron payne,https://a.espncdn.com/combiner/i?img=/i/headshots/nba/players/full/3064230.png&w=350&h=254
terrence ross,https://a.espncdn.com/combiner/i?img=/i/headshots/nba/players/full/6619.png&w=350&h=254
landry shamet,https://a.espncdn.com/combiner/i?img=/i/headshots/nba/players/full/3914044.png&w=350&h=254
ish wainright,https://a.espncdn.com/combiner/i?img=/i/headshots/nba/players/full/3059307.png&w=350&h=254
tj warren,https://a.espncdn.com/combiner/i?img=/i/headshots/nba/players/full/2982334.png&w=350&h=254
harrison barnes,https://a.espncdn.com/combiner/i?img=/i/headshots/nba/players/full/6578.png&w=350&h=254
terence davis,https://a.espncdn.com/combiner/i?img=/i/headshots/nba/players/full/3919454.png&w=350&h=254
matthew dellavedova,https://a.espncdn.com/combiner/i?img=/i/headshots/nba/players/full/2489716.png&w=350&h=254
pj dozier,https://a.espncdn.com/combiner/i?img=/i/headshots/nba/players/full/3923250.png&w=350&h=254
kessler edwards,https://a.espncdn.com/combiner/i?img=/i/headshots/nba/players/full/4397693.png&w=350&h=254
keon ellis,https://a.espncdn.com/combiner/i?img=/i/headshots/nba/players/full/4702177.png&w=350&h=254
deaaron fox,https://a.espncdn.com/combiner/i?img=/i/headshots/nba/players/full/4066259.png&w=350&h=254
richaun holmes,https://a.espncdn.com/combiner/i?img=/i/headshots/nba/players/full/2993370.png&w=350&h=254
kevin huerter,https://a.espncdn.com/combiner/i?img=/i/headshots/nba/players/full/4066372.png&w=350&h=254
alex len,https://a.espncdn.com/combiner/i?img=/i/headshots/nba/players/full/2596107.png&w=350&h=254
trey lyles,https://a.espncdn.com/combiner/i?img=/i/headshots/nba/players/full/3136196.png&w=350&h=254
chimezie metu,https://a.espncdn.com/combiner/i?img=/i/headshots/nba/players/full/3914283.png&w=350&h=254
davion mitchell,https://a.espncdn.com/combiner/i?img=/i/headshots/nba/players/full/4278053.png&w=350&h=254
malik monk,https://a.espncdn.com/combiner/i?img=/i/headshots/nba/players/full/4066262.png&w=350&h=254
keegan murray,https://a.espncdn.com/combiner/i?img=/i/headshots/nba/players/full/4594327.png&w=350&h=254
neemias queta,https://a.espncdn.com/combiner/i?img=/i/headshots/nba/players/full/4397424.png&w=350&h=254
domantas sabonis,https://a.espncdn.com/combiner/i?img=/i/headshots/nba/players/full/3155942.png&w=350&h=254
davis bertans,https://a.espncdn.com/combiner/i?img=/i/headshots/nba/players/full/6426.png&w=350&h=254
reggie bullock,https://a.espncdn.com/combiner/i?img=/i/headshots/nba/players/full/2528779.png&w=350&h=254
luka doncic,https://a.espncdn.com/combiner/i?img=/i/headshots/nba/players/full/3945274.png&w=350&h=254
josh green,https://a.espncdn.com/combiner/i?img=/i/headshots/nba/players/full/4432811.png&w=350&h=254
tim hardaway,https://a.espncdn.com/combiner/i?img=/i/headshots/nba/players/full/2528210.png&w=350&h=254
jaden hardy,https://a.espncdn.com/combiner/i?img=/i/headshots/nba/players/full/4868423.png&w=350&h=254
justin holiday,https://a.espncdn.com/combiner/i?img=/i/headshots/nba/players/full/2284101.png&w=350&h=254
kyrie irving,https://a.espncdn.com/combiner/i?img=/i/headshots/nba/players/full/6442.png&w=350&h=254
maxi kleber,https://a.espncdn.com/combiner/i?img=/i/headshots/nba/players/full/2960236.png&w=350&h=254
aj lawson,https://a.espncdn.com/combiner/i?img=/i/headshots/nba/players/full/4067017.png&w=350&h=254
javale mcgee,https://a.espncdn.com/combiner/i?img=/i/headshots/nba/players/full/3452.png&w=350&h=254
markieff morris,https://a.espncdn.com/combiner/i?img=/i/headshots/nba/players/full/6461.png&w=350&h=254
frank ntilikina,https://a.espncdn.com/combiner/i?img=/i/headshots/nba/players/full/4230547.png&w=350&h=254
theo pinson,https://a.espncdn.com/combiner/i?img=/i/headshots/nba/players/full/3138154.png&w=350&h=254
dwight powell,https://a.espncdn.com/combiner/i?img=/i/headshots/nba/players/full/2531367.png&w=350&h=254
christian wood,https://a.espncdn.com/combiner/i?img=/i/headshots/nba/players/full/3058254.png&w=350&h=254
mckinley wright,https://a.espncdn.com/combiner/i?img=/i/headshots/nba/players/full/4278507.png&w=350&h=254
dj augustin,https://a.espncdn.com/combiner/i?img=/i/headshots/nba/players/full/3415.png&w=350&h=254
willie cauley,https://a.espncdn.com/combiner/i?img=/i/headshots/nba/players/full/2991282.png&w=350&h=254
josh christopher,https://a.espncdn.com/combiner/i?img=/i/headshots/nba/players/full/4432168.png&w=350&h=254
darius days,https://a.espncdn.com/combiner/i?img=/i/headshots/nba/players/full/4396978.png&w=350&h=254
tari eason,https://a.espncdn.com/combiner/i?img=/i/headshots/nba/players/full/4433192.png&w=350&h=254
usman garuba,https://a.espncdn.com/combiner/i?img=/i/headshots/nba/players/full/4871143.png&w=350&h=254
jalen green,https://a.espncdn.com/combiner/i?img=/i/headshots/nba/players/full/4437244.png&w=350&h=254
trevor hudgins,https://a.espncdn.com/combiner/i?img=/i/headshots/nba/players/full/5075393.png&w=350&h=254
frank kaminsky,https://a.espncdn.com/combiner/i?img=/i/headshots/nba/players/full/2579294.png&w=350&h=254
boban marjanovic,https://a.espncdn.com/combiner/i?img=/i/headshots/nba/players/full/4376.png&w=350&h=254
kenyon martin,https://a.espncdn.com/combiner/i?img=/i/headshots/nba/players/full/4431828.png&w=350&h=254
daishen nix,https://a.espncdn.com/combiner/i?img=/i/headshots/nba/players/full/4432176.png&w=350&h=254
kevin porter,https://a.espncdn.com/combiner/i?img=/i/headshots/nba/players/full/4397140.png&w=350&h=254
alperen sengun,https://a.espncdn.com/combiner/i?img=/i/headshots/nba/players/full/4871144.png&w=350&h=254
jabari smith,https://a.espncdn.com/combiner/i?img=/i/headshots/nba/players/full/4432639.png&w=350&h=254
jaesean tate,https://a.espncdn.com/combiner/i?img=/i/headshots/nba/players/full/3136777.png&w=350&h=254
tyty washington,https://a.espncdn.com/combiner/i?img=/i/headshots/nba/players/full/4683749.png&w=350&h=254
steven adams,https://a.espncdn.com/combiner/i?img=/i/headshots/nba/players/full/2991235.png&w=350&h=254
santi aldama,https://a.espncdn.com/combiner/i?img=/i/headshots/nba/players/full/4593125.png&w=350&h=254
desmond bane,https://a.espncdn.com/combiner/i?img=/i/headshots/nba/players/full/4066320.png&w=350&h=254
dillon brooks,https://a.espncdn.com/combiner/i?img=/i/headshots/nba/players/full/3155526.png&w=350&h=254
brandon clarke,https://a.espncdn.com/combiner/i?img=/i/headshots/nba/players/full/3906665.png&w=350&h=254
jacob gilyard,https://a.espncdn.com/combiner/i?img=/i/headshots/nba/players/full/4278378.png&w=350&h=254
jaren jackson,https://a.espncdn.com/combiner/i?img=/i/headshots/nba/players/full/4277961.png&w=350&h=254
tyus jones,https://a.espncdn.com/combiner/i?img=/i/headshots/nba/players/full/3135046.png&w=350&h=254
luke kennard,https://a.espncdn.com/combiner/i?img=/i/headshots/nba/players/full/3913174.png&w=350&h=254
john konchar,https://a.espncdn.com/combiner/i?img=/i/headshots/nba/players/full/3134932.png&w=350&h=254
jake laravia,https://a.espncdn.com/combiner/i?img=/i/headshots/nba/players/full/4592691.png&w=350&h=254
kenneth lofton,https://a.espncdn.com/combiner/i?img=/i/headshots/nba/players/full/4585610.png&w=350&h=254
ja morant,https://a.espncdn.com/combiner/i?img=/i/headshots/nba/players/full/4279888.png&w=350&h=254
david roddy,https://a.espncdn.com/combiner/i?img=/i/headshots/nba/players/full/4593041.png&w=350&h=254
xavier tillman,https://a.espncdn.com/combiner/i?img=/i/headshots/nba/players/full/4277964.png&w=350&h=254
ziaire williams,https://a.espncdn.com/combiner/i?img=/i/headshots/nba/players/full/4433137.png&w=350&h=254
vince williams,https://a.espncdn.com/combiner/i?img=/i/headshots/nba/players/full/4397227.png&w=350&h=254
jose alvarado,https://a.espncdn.com/combiner/i?img=/i/headshots/nba/players/full/4277869.png&w=350&h=254
dyson daniels,https://a.espncdn.com/combiner/i?img=/i/headshots/nba/players/full/4869342.png&w=350&h=254
jaxson hayes,https://a.espncdn.com/combiner/i?img=/i/headshots/nba/players/full/4397077.png&w=350&h=254
willy hernangomez,https://a.espncdn.com/combiner/i?img=/i/headshots/nba/players/full/2999409.png&w=350&h=254
brandon ingram,https://a.espncdn.com/combiner/i?img=/i/headshots/nba/players/full/3913176.png&w=350&h=254
herbert jones,https://a.espncdn.com/combiner/i?img=/i/headshots/nba/players/full/4277813.png&w=350&h=254
kira lewis,https://a.espncdn.com/combiner/i?img=/i/headshots/nba/players/full/4395698.png&w=350&h=254
ej liddell,https://a.espncdn.com/combiner/i?img=/i/headshots/nba/players/full/4432821.png&w=350&h=254
naji marshall,https://a.espncdn.com/combiner/i?img=/i/headshots/nba/players/full/4278594.png&w=350&h=254
cj mccollum,https://a.espncdn.com/combiner/i?img=/i/headshots/nba/players/full/2490149.png&w=350&h=254
trey murphy,https://a.espncdn.com/combiner/i?img=/i/headshots/nba/players/full/4397688.png&w=350&h=254
larry nance,https://a.espncdn.com/combiner/i?img=/i/headshots/nba/players/full/2580365.png&w=350&h=254
josh richardson,https://a.espncdn.com/combiner/i?img=/i/headshots/nba/players/full/2581190.png&w=350&h=254
dereon seabron,https://a.espncdn.com/combiner/i?img=/i/headshots/nba/players/full/4431811.png&w=350&h=254
garrett temple,https://a.espncdn.com/combiner/i?img=/i/headshots/nba/players/full/4023.png&w=350&h=254
jonas valanciunas,https://a.espncdn.com/combiner/i?img=/i/headshots/nba/players/full/6477.png&w=350&h=254
zion williamson,https://a.espncdn.com/combiner/i?img=/i/headshots/nba/players/full/4395628.png&w=350&h=254
dominick barlow,https://a.espncdn.com/combiner/i?img=/i/headshots/nba/players/full/4870562.png&w=350&h=254
charles bassey,https://a.espncdn.com/combiner/i?img=/i/headshots/nba/players/full/4397886.png&w=350&h=254
keita bates,https://a.espncdn.com/combiner/i?img=/i/headshots/nba/players/full/3136779.png&w=350&h=254
khem birch,https://a.espncdn.com/combiner/i?img=/i/headshots/nba/players/full/2578240.png&w=350&h=254
malaki branham,https://a.espncdn.com/combiner/i?img=/i/headshots/nba/players/full/4565201.png&w=350&h=254
julian champagnie,https://a.espncdn.com/combiner/i?img=/i/headshots/nba/players/full/4592479.png&w=350&h=254
zach collins,https://a.espncdn.com/combiner/i?img=/i/headshots/nba/players/full/4066650.png&w=350&h=254
gorgui dieng,https://a.espncdn.com/combiner/i?img=/i/headshots/nba/players/full/2534781.png&w=350&h=254
devonte graham,https://a.espncdn.com/combiner/i?img=/i/headshots/nba/players/full/3133601.png&w=350&h=254
keldon johnson,https://a.espncdn.com/combiner/i?img=/i/headshots/nba/players/full/4395723.png&w=350&h=254
tre jones,https://a.espncdn.com/combiner/i?img=/i/headshots/nba/players/full/4395626.png&w=350&h=254
romeo langford,https://a.espncdn.com/combiner/i?img=/i/headshots/nba/players/full/4397008.png&w=350&h=254
sandro mamukelashvili,https://a.espncdn.com/combiner/i?img=/i/headshots/nba/players/full/4278580.png&w=350&h=254
doug mcdermott,https://a.espncdn.com/combiner/i?img=/i/headshots/nba/players/full/2528588.png&w=350&h=254
jeremy sochan,https://a.espncdn.com/combiner/i?img=/i/headshots/nba/players/full/4610139.png&w=350&h=254
devin vassell,https://a.espncdn.com/combiner/i?img=/i/headshots/nba/players/full/4395630.png&w=350&h=254
blake wesley,https://a.espncdn.com/combiner/i?img=/i/headshots/nba/players/full/4683935.png&w=350&h=254
